date,open,high,low,close,volume,a_value,b_value,a_volume,b_volume,all_volume
2016-12-12,9.95,9.99,9.25,9.29,20903615,13887989283.47,--,1494939643,0,2757709279
2016-12-13,9.26,10.0,9.25,9.63,13335995,14396268762.09,--,1494939643,0,2757709279
2016-12-14,9.62,9.85,9.43,9.46,10325711,14142129022.78,--,1494939643,0,2757709279
2016-12-15,9.43,9.55,9.3,9.53,8053652,14246774797.79,--,1494939643,0,2757709279
2016-12-16,9.44,9.52,9.33,9.4,8083005,14052432644.2,--,1494939643,0,2757709279
2016-12-19,9.4,9.81,9.01,9.66,30130541,14441116951.38,--,1494939643,0,2757709279
2016-12-20,9.66,9.76,9.38,9.55,21787239,14276673590.65,--,1494939643,0,2757709279
2016-12-21,9.58,9.59,9.4,9.45,13482184,14127179626.35,--,1494939643,0,2757709279
2016-12-22,9.45,9.45,9.3,9.43,8765715,14097280833.49,--,1494939643,0,2757709279
2016-12-23,9.39,9.39,9.25,9.29,9610969,13887989283.47,--,1494939643,0,2757709279
2016-12-26,9.25,9.34,9.2,9.3,6165904,13905625617.3,--,1495228561,0,2757709279
2016-12-27,9.31,9.36,9.28,9.31,4731845,13920577902.91,--,1495228561,0,2757709279
2016-12-28,9.31,9.41,9.28,9.4,7837176,14055148473.4,--,1495228561,0,2809078279
2016-12-29,9.44,9.45,9.32,9.4,6258506,14055148473.4,--,1495228561,0,2809078279
2016-12-30,9.34,9.39,9.29,9.32,4999585,13935530188.52,--,1495228561,0,2809078279
2017-01-03,9.33,9.37,9.29,9.34,4781412,13965434759.74,--,1495228561,0,2809078279
2017-01-04,9.35,9.41,9.32,9.39,7243303,14040196187.79,--,1495228561,0,2809078279
2017-01-05,9.41,9.47,9.38,9.41,6856512,14070100759.01,--,1495228561,0,2809078279
2017-01-06,9.42,9.6,9.41,9.48,12839928,14174766758.28,--,1495228561,0,2809078279
2017-01-09,9.48,9.57,9.35,9.53,8521983,14249528186.33,--,1495228561,0,2809078279
2017-01-10,9.54,9.57,9.44,9.47,7211991,14159814472.67,--,1495228561,0,2809078279
2017-01-11,9.47,9.48,9.26,9.36,7158463,13995339330.96,--,1495228561,0,2809078279
2017-01-12,9.36,9.53,9.25,9.36,9995105,13995339330.96,--,1495228561,0,2809078279
2017-01-13,9.42,9.42,9.16,9.21,6360488,13771055046.81,--,1495228561,0,2809078279
2017-01-16,9.22,9.28,8.32,8.75,10394151,13083249908.75,--,1495228561,0,2809078279
2017-01-17,8.78,8.86,8.63,8.69,8757301,12993536195.09,--,1495228561,0,2809078279
2017-01-18,8.7,8.76,8.59,8.6,6018064,12858965624.6,--,1495228561,0,2809078279
2017-01-19,8.59,8.64,8.5,8.55,4750450,12784204196.55,--,1495228561,0,2809078279
2017-01-20,8.57,8.69,8.55,8.64,5356198,12918774767.04,--,1495228561,0,2809078279
2017-01-23,8.65,8.74,8.64,8.72,5386279,13038393051.92,--,1495228561,0,2809078279
2017-01-24,8.72,8.74,8.66,8.68,3278600,12978583909.48,--,1495228561,0,2809078279
2017-01-25,8.67,8.67,8.58,8.63,3530050,12924240353.77,--,1497594479,0,2809078279
2017-01-26,8.64,8.74,8.63,8.71,3997640,13044047912.09,--,1497594479,0,2809078279
2017-02-03,8.7,8.79,8.64,8.64,4450900,12939216298.56,--,1497594479,0,2809078279
2017-02-06,8.64,8.72,8.58,8.64,11023446,17237899509.12,--,1995127258,0,2809078279
2017-02-07,8.65,8.68,8.61,8.66,4790723,17277802054.28,--,1995127258,0,2809078279
2017-02-08,8.66,8.68,8.59,8.66,6288716,17277802054.28,--,1995127258,0,2809078279
2017-02-09,8.66,8.75,8.65,8.74,8577230,17437412234.92,--,1995127258,0,2809078279
2017-02-10,8.76,8.88,8.72,8.79,12185329,17537168597.82,--,1995127258,0,2809078279
2017-02-13,8.8,8.87,8.76,8.82,9408097,17597022415.56,--,1995127258,0,2809078279
2017-02-14,8.82,8.84,8.76,8.77,6138602,17497266052.66,--,1995127258,0,2809078279
2017-02-15,8.78,8.97,8.78,8.81,14835708,17577071142.98,--,1995127258,0,2809078279
2017-02-16,8.81,8.85,8.72,8.8,7722792,17557119870.4,--,1995127258,0,2809078279
2017-02-17,8.81,8.83,8.7,8.72,6569249,17397509689.76,--,1995127258,0,2809078279
2017-02-20,8.74,8.77,8.69,8.76,6325130,17477314780.08,--,1995127258,0,2809078279
2017-02-21,8.76,8.8,8.73,8.79,6981371,17537168597.82,--,1995127258,0,2809078279
2017-02-22,8.78,8.78,8.74,8.78,4712213,17517217325.24,--,1995127258,0,2809078279
2017-02-23,8.78,8.8,8.71,8.76,5316962,17477314780.08,--,1995127258,0,2809078279
2017-02-24,8.75,8.78,8.71,8.78,6596423,17517217325.24,--,1995127258,0,2809078279
2017-02-27,8.78,8.85,8.73,8.75,8744095,17457363507.5,--,1995127258,0,2809078279
2017-02-28,8.75,8.79,8.72,8.76,6366970,17477314780.08,--,1995127258,0,2809078279
2017-03-01,8.76,8.78,8.73,8.73,8548757,17417460962.34,--,1995127258,0,2809078279
2017-03-02,8.73,8.76,8.7,8.7,6610460,17357607144.6,--,1995127258,0,2809078279
2017-03-03,8.69,8.69,8.58,8.63,6795654,17217948236.54,--,1995127258,0,2809078279
2017-03-06,8.65,8.73,8.64,8.72,6383674,17397509689.76,--,1995127258,0,2809078279
2017-03-07,8.71,8.75,8.68,8.74,5548601,17437412234.92,--,1995127258,0,2809078279
2017-03-08,8.75,8.76,8.7,8.73,4348882,17417460962.34,--,1995127258,0,2809078279
2017-03-09,8.71,8.74,8.61,8.63,5972798,17217948236.54,--,1995127258,0,2809078279
2017-03-10,8.63,8.65,8.55,8.57,6030345,17098240601.06,--,1995127258,0,2809078279
2017-03-13,8.57,8.74,8.42,8.67,9196974,17297753326.86,--,1995127258,0,2809078279
2017-03-14,8.65,8.68,8.58,8.6,4085043,17158094418.8,--,1995127258,0,2809078279
2017-03-15,8.6,8.6,8.53,8.55,4322498,17058338055.9,--,1995127258,0,2809078279
2017-03-16,8.55,8.69,8.53,8.61,9078440,17178045691.38,--,1995127258,0,2809078279
2017-03-17,8.61,8.62,8.51,8.52,10301062,16895121591.84,--,1982995492,0,2809078279
2017-03-20,8.5,8.54,8.45,8.48,6998155,16815801772.16,--,1982995492,0,2809078279
2017-03-21,8.48,8.51,8.43,8.46,7940864,17005257088.2,--,2010077670,0,2809078279
2017-03-22,8.46,8.46,8.39,8.44,8110122,16965055534.8,--,2010077670,0,2809078279
2017-03-23,8.43,8.49,8.41,8.46,6646210,17005257088.2,--,2010077670,0,2809078279
2017-03-24,8.46,8.67,8.4,8.61,15498176,17306768738.7,--,2010077670,0,2809078279
2017-03-27,8.6,8.67,8.56,8.59,9588106,17266567185.3,--,2010077670,0,2809078279
2017-03-28,8.6,8.63,8.53,8.55,5656259,17186164078.5,--,2010077670,0,2809078279
2017-03-29,8.53,8.59,8.48,8.48,7334509,17045458641.6,--,2010077670,0,2809078279
2017-03-30,8.5,8.91,8.4,8.64,26072038,17367071068.8,--,2010077670,0,2809078279
2017-03-31,8.58,8.78,8.52,8.74,18428668,17568078835.8,--,2010077670,0,2809078279
2017-04-05,8.75,9.0,8.74,8.89,20856906,17869590486.3,--,2010077670,0,2809078279
2017-04-06,8.9,9.33,8.78,9.19,38540639,18472613787.3,--,2010077670,0,2809078279
2017-04-07,9.1,9.16,9.0,9.08,23351023,18251505243.6,--,2010077670,0,2809078279
2017-04-10,9.07,9.07,8.88,8.89,17377502,17869590486.3,--,2010077670,0,2809078279
2017-04-11,8.85,9.05,8.84,9.05,17329586,18191202913.5,--,2010077670,0,2809078279
2017-04-12,9.0,9.01,8.86,8.88,12962757,17849489709.6,--,2010077670,0,2809078279
2017-04-13,8.88,8.94,8.8,8.81,9888777,17708784272.7,--,2010077670,0,2809078279
2017-04-14,8.8,8.99,8.8,8.82,10990591,17728885049.4,--,2010077670,0,2809078279
2017-04-17,8.83,8.95,8.78,8.88,10069415,17849489709.6,--,2010077670,0,2809078279
2017-04-18,8.84,8.95,8.77,8.79,8528986,17668582719.3,--,2010077670,0,2809078279
2017-04-19,8.75,8.78,8.41,8.7,10802776,17487675729.0,--,2010077670,0,2809078279
2017-04-20,8.72,8.77,8.61,8.7,8192932,17487675729.0,--,2010077670,0,2809078279
2017-04-21,8.7,8.77,8.68,8.75,5077233,17588179612.5,--,2010077670,0,2809078279
2017-04-24,8.74,8.74,8.41,8.64,7089211,17367071068.8,--,2010077670,0,2809078279
2017-04-25,8.62,8.69,8.51,8.62,4917841,17326869515.4,--,2010077670,0,2809078279
2017-04-26,8.62,8.64,8.41,8.43,9035456,16944954758.1,--,2010077670,0,2809078279
2017-04-27,8.38,8.38,8.15,8.22,12281396,16522838447.4,--,2010077670,0,2809078279
2017-04-28,8.22,8.24,8.06,8.08,12319363,16241427573.6,--,2010077670,0,2809078279
2017-05-02,8.09,8.13,7.96,7.98,9684786,16040419806.6,--,2010077670,0,2809078279
2017-05-03,7.99,8.04,7.9,7.92,7763618,15919815146.4,--,2010077670,0,2809078279
2017-05-04,7.93,7.93,7.81,7.88,8177165,15839412039.6,--,2010077670,0,2809078279
2017-05-05,7.9,7.9,7.51,7.54,17977630,15155985631.8,--,2010077670,0,2809078279
2017-05-08,7.52,7.52,7.31,7.31,8826250,14693667767.7,--,2010077670,0,2809078279
2017-05-09,7.2,7.37,7.19,7.33,5748946,14733869321.1,--,2010077670,0,2809078279
2017-05-10,7.38,7.5,7.33,7.36,7737016,14794171651.2,--,2010077670,0,2809078279
2017-05-11,7.32,7.42,7.05,7.42,9205052,14914776311.4,--,2010077670,0,2809078279
2017-05-12,7.4,7.41,7.3,7.35,4018217,14774070874.5,--,2010077670,0,2809078279
2017-05-15,7.36,7.44,7.29,7.36,5464570,14794171651.2,--,2010077670,0,2809078279
2017-05-16,7.36,7.39,7.22,7.38,5800495,14834373204.6,--,2010077670,0,2809078279
2017-05-17,7.37,7.46,7.31,7.4,6381556,14874574758.0,--,2010077670,0,2809078279
2017-05-18,7.42,7.42,7.32,7.36,5428455,14794171651.2,--,2010077670,0,2809078279
2017-05-19,7.37,7.38,7.26,7.36,5162999,14794171651.2,--,2010077670,0,2809078279
2017-05-22,7.32,7.34,7.24,7.25,3367600,14573063107.5,--,2010077670,0,2809078279
2017-05-23,7.25,7.29,7.04,7.08,6904669,14231349903.6,--,2010077670,0,2809078279
2017-05-24,7.04,7.04,6.85,6.98,5804366,14030342136.6,--,2010077670,0,2809078279
2017-05-25,6.95,7.24,6.91,7.18,12086058,14432357670.6,--,2010077670,0,2809078279
2017-05-26,7.15,7.24,7.08,7.15,7623589,14372055340.5,--,2010077670,0,2809078279
2017-05-31,7.21,7.27,7.07,7.09,9702142,14251450680.3,--,2010077670,0,2809078279
2017-06-01,7.09,7.1,6.93,7.01,6247462,14090644466.7,--,2010077670,0,2809078279
2017-06-02,7.02,7.12,6.92,7.11,4990163,14291652233.7,--,2010077670,0,2809078279
2017-06-05,7.08,7.15,7.06,7.12,4751960,14311753010.4,--,2010077670,0,2809078279
2017-06-06,7.12,7.15,7.09,7.14,3815206,14351954563.8,--,2010077670,0,2809078279
2017-06-07,7.14,7.29,7.12,7.26,8161184,14593163884.2,--,2010077670,0,2809078279
2017-06-08,7.28,7.29,7.21,7.25,5219035,14573063107.5,--,2010077670,0,2809078279
2017-06-09,7.27,7.31,7.22,7.3,8405393,14673566991.0,--,2010077670,0,2809078279
2017-06-12,7.29,7.35,7.23,7.26,4680335,14593163884.2,--,2010077670,0,2809078279
2017-06-13,7.23,7.31,7.22,7.3,4603179,14673566991.0,--,2010077670,0,2809078279
2017-06-14,7.33,7.38,7.3,7.34,4364141,14753970097.8,--,2010077670,0,2809078279
2017-06-15,7.36,7.37,7.31,7.35,3231081,14774070874.5,--,2010077670,0,2809078279
2017-06-16,7.35,7.47,7.32,7.35,4764094,14774070874.5,--,2010077670,0,2809078279
2017-06-19,7.35,7.44,7.35,7.41,5084628,14894675534.7,--,2010077670,0,2809078279
2017-06-20,7.45,7.47,7.36,7.39,4101019,14854473981.3,--,2010077670,0,2809078279
2017-06-21,7.41,7.44,7.34,7.37,4194541,14814272427.9,--,2010077670,0,2809078279
2017-06-22,7.37,7.38,7.24,7.24,3908003,14552962330.8,--,2010077670,0,2809078279
2017-06-23,7.23,7.28,7.09,7.19,5442818,14452458447.3,--,2010077670,0,2809078279
2017-06-26,7.18,7.46,7.16,7.39,9264470,14854473981.3,--,2010077670,0,2809078279
2017-06-27,7.42,7.42,7.31,7.33,6151328,14733869321.1,--,2010077670,0,2809078279
2017-06-28,7.33,7.35,7.24,7.27,3864428,14613264660.9,--,2010077670,0,2809078279
2017-06-29,7.26,7.29,7.24,7.25,3860970,14573063107.5,--,2010077670,0,2809078279
2017-06-30,7.24,7.29,7.17,7.28,4267960,14552480961.2,--,1998967165,0,2809078279
2017-07-03,7.27,7.29,7.22,7.28,3412848,14552480961.2,--,1998967165,0,2809078279
2017-07-04,7.28,7.37,7.22,7.36,6384022,14712398334.4,--,1998967165,0,2809078279
2017-07-05,7.35,7.38,7.29,7.34,5045283,14672418991.1,--,1998967165,0,2809078279
2017-07-06,7.35,7.44,7.31,7.43,9192932,14888445405.79,--,2003828453,0,2809078279
2017-07-07,7.43,7.49,7.36,7.44,5464860,14908483690.32,--,2003828453,0,2808226279
2017-07-10,7.44,7.51,7.44,7.49,7715466,15008675112.97,--,2003828453,0,2808226279
2017-07-11,7.48,7.5,7.43,7.47,4845718,14968598543.91,--,2003828453,0,2808226279
2017-07-12,7.46,7.48,7.32,7.35,4134085,14728139129.55,--,2003828453,0,2808226279
2017-07-13,7.35,7.41,7.3,7.36,3349879,14748177414.08,--,2003828453,0,2808226279
2017-07-14,7.36,7.4,7.31,7.33,2862200,14688062560.49,--,2003828453,0,2808226279
2017-07-17,7.33,7.33,7.0,7.21,7189883,14447603146.13,--,2003828453,0,2808226279
2017-07-18,7.2,7.25,7.08,7.25,3710437,14527756284.25,--,2003828453,0,2808226279
2017-07-19,7.35,7.5,7.29,7.46,8568428,14948560259.38,--,2003828453,0,2808226279
2017-07-20,7.44,7.56,7.39,7.55,9845823,15128904820.15,--,2003828453,0,2808226279
2017-07-21,7.55,7.77,7.5,7.69,12546462,15409440803.57,--,2003828453,0,2808226279
2017-07-24,7.69,7.77,7.58,7.7,7690976,15429479088.1,--,2003828453,0,2808226279
2017-07-25,7.68,7.7,7.53,7.53,5770348,15088828251.09,--,2003828453,0,2808226279
2017-07-26,7.55,7.65,7.53,7.59,4700800,15209057958.27,--,2003828453,0,2808226279
2017-07-27,7.59,7.59,7.5,7.56,4892481,15148943104.68,--,2003828453,0,2808226279
2017-07-28,7.56,7.58,7.5,7.52,3829977,15068789966.56,--,2003828453,0,2808226279
2017-07-31,7.52,7.55,7.46,7.54,5040361,15108866535.62,--,2003828453,0,2808226279
2017-08-01,7.54,7.6,7.44,7.59,7174782,15209057958.27,--,2003828453,0,2808226279
2017-08-02,7.56,7.66,7.5,7.52,6225686,15068789966.56,--,2003828453,0,2808226279
2017-08-03,7.51,7.58,7.46,7.5,5545883,15028713397.5,--,2003828453,0,2808226279
2017-08-04,7.5,7.54,7.43,7.5,6113329,15028713397.5,--,2003828453,0,2808226279
2017-08-07,7.5,7.53,7.46,7.51,3135000,15048751682.03,--,2003828453,0,2808226279
2017-08-08,7.51,7.73,7.47,7.72,13357502,15469555657.16,--,2003828453,0,2808226279
2017-08-09,7.69,7.74,7.64,7.7,6653136,15429479088.1,--,2003828453,0,2808226279
2017-08-10,7.7,7.72,7.54,7.64,6093869,15309249380.92,--,2003828453,0,2808226279
2017-08-11,7.6,7.82,7.55,7.75,12703872,15529670510.75,--,2003828453,0,2808226279
2017-08-14,7.71,8.34,7.71,8.15,19298376,16331201891.95,--,2003828453,0,2808226279
2017-08-15,8.0,8.18,7.95,7.96,14096960,15950474485.88,--,2003828453,0,2808226279
2017-08-16,7.98,8.12,7.95,8.09,15876598,16210972184.77,--,2003828453,0,2808226279
2017-08-17,8.07,8.08,7.96,8.03,10297292,16090742477.59,--,2003828453,0,2808226279
2017-08-18,8.02,8.05,7.91,8.0,9212209,16030627624.0,--,2003828453,0,2808226279
2017-08-21,8.06,8.25,8.06,8.19,12043719,16411355030.07,--,2003828453,0,2808226279
2017-08-22,8.23,8.28,8.08,8.11,8647234,16251048753.83,--,2003828453,0,2808226279
2017-08-23,8.05,8.1,8.01,8.05,4351350,16130819046.65,--,2003828453,0,2808226279
2017-08-24,8.05,8.26,8.04,8.1,8359328,16231010469.3,--,2003828453,0,2808226279
2017-08-25,8.13,8.16,8.03,8.11,6133653,16251048753.83,--,2003828453,0,2808226279
2017-08-28,8.15,8.17,8.08,8.15,7739655,16331201891.95,--,2003828453,0,2808226279
2017-08-29,8.15,8.15,7.96,7.99,10035992,16010589339.47,--,2003828453,0,2808226279
2017-08-30,7.98,8.04,7.96,8.02,7648051,16070704193.06,--,2003828453,0,2808226279
2017-08-31,8.04,8.06,7.94,8.06,13797579,16150857331.18,--,2003828453,0,2808226279
2017-09-01,8.02,8.04,7.95,7.98,8330217,15990551054.94,--,2003828453,0,2808226279
2017-09-04,7.94,8.07,7.93,8.05,7128892,16130819046.65,--,2003828453,0,2808226279
2017-09-05,8.05,8.27,8.04,8.26,17609029,16551623021.78,--,2003828453,0,2808226279
2017-09-06,8.25,8.26,8.13,8.16,11152286,16351240176.48,--,2003828453,0,2808226279
2017-09-07,8.15,8.24,8.15,8.23,6651891,16491508168.19,--,2003828453,0,2808226279
2017-09-08,8.23,8.49,8.18,8.36,14312180,16752005867.08,--,2003828453,0,2808226279
2017-09-11,8.4,8.48,8.31,8.43,9313015,16892273858.79,--,2003828453,0,2808226279
2017-09-12,8.42,8.5,8.32,8.39,7037566,16812120720.67,--,2003828453,0,2808226279
2017-09-13,8.39,8.41,8.26,8.32,6634489,16671852728.96,--,2003828453,0,2808226279
2017-09-14,8.32,8.48,8.29,8.46,10334816,16952388712.38,--,2003828453,0,2808226279
2017-09-15,8.46,8.96,8.4,8.95,28372265,17934264654.35,--,2003828453,0,2808226279
2017-09-18,8.95,8.95,8.95,8.95,--,17934264654.35,--,2003828453,0,2808226279
2017-09-19,9.25,9.32,8.87,9.26,42098605,18555451474.78,--,2003828453,0,2808226279
2017-09-20,9.26,9.35,9.05,9.2,20640244,18435221767.6,--,2003828453,0,2808226279
2017-09-21,9.12,9.2,8.96,9.14,10430888,18314992060.42,--,2003828453,0,2808226279
2017-09-22,9.09,9.12,8.87,9.1,11843103,18097205772.1,--,1988703931,0,2808226279
2017-09-25,9.09,9.13,8.81,8.92,5739870,17739239064.52,--,1988703931,0,2819005279
2017-09-26,8.89,8.94,8.65,8.74,7835449,17381272356.94,--,1988703931,0,2819005279
2017-09-27,8.82,8.82,8.58,8.62,8320835,17142627885.22,--,1988703931,0,2819005279
2017-09-28,8.69,8.75,8.61,8.62,8149020,17142627885.22,--,1988703931,0,2819005279
2017-09-29,8.61,9.05,8.61,9.03,13559389,17957996496.93,--,1988703931,0,2819005279
2017-10-09,9.02,9.15,9.0,9.11,8763142,18117092811.41,--,1988703931,0,2819005279
2017-10-10,9.15,9.2,9.05,9.17,9209742,18236415047.27,--,1988703931,0,2819005279
2017-10-11,9.19,9.19,8.99,9.05,7804675,17997770575.55,--,1988703931,0,2819005279
2017-10-12,9.04,9.16,8.81,9.12,8746241,18136979850.72,--,1988703931,0,2819005279
2017-10-13,9.03,9.11,8.95,9.0,5693538,17898335379.0,--,1988703931,0,2819005279
2017-10-16,8.99,9.25,8.99,9.2,14432160,18296076165.2,--,1988703931,0,2819005279
2017-10-17,9.23,9.28,9.1,9.19,6460784,18276189125.89,--,1988703931,0,2819005279
2017-10-18,9.22,9.26,9.15,9.22,6831939,18335850243.82,--,1988703931,0,2819005279
2017-10-19,9.21,9.21,9.0,9.05,7936000,17997770575.55,--,1988703931,0,2819005279
2017-10-20,9.04,9.04,8.77,8.94,6907136,17779013143.14,--,1988703931,0,2819005279
2017-10-23,8.94,8.97,8.81,8.87,3633951,17639803867.97,--,1988703931,0,2819005279
2017-10-24,8.87,8.94,8.81,8.88,3721828,17659690907.28,--,1988703931,0,2818329809
2017-10-25,8.88,8.94,8.85,8.92,3763000,17739239064.52,--,1988703931,0,2818329809
2017-10-26,8.94,9.73,8.92,9.46,28832180,18813139187.26,--,1988703931,0,2818329809
2017-10-27,9.35,9.35,9.09,9.23,19495317,18355737283.13,--,1988703931,0,2818329809
2017-10-30,9.22,9.36,9.0,9.29,20020724,18475059518.99,--,1988703931,0,2818329809
2017-10-31,9.3,9.34,9.09,9.18,10520237,18256302086.58,--,1988703931,0,2818329809
2017-11-01,9.15,9.22,9.09,9.16,8114400,18216528007.96,--,1988703931,0,2818329809
2017-11-02,9.17,9.22,9.1,9.17,9880120,18236415047.27,--,1988703931,0,2818329809
2017-11-03,9.17,9.27,8.8,9.24,21139107,18375624322.44,--,1988703931,0,2818329809
2017-11-06,9.2,9.26,9.09,9.19,8624826,18276189125.89,--,1988703931,0,2818329809
2017-11-07,9.2,9.24,9.1,9.11,5606000,18117092811.41,--,1988703931,0,2818329809
2017-11-08,9.11,9.15,8.91,8.96,8659392,17818787221.76,--,1988703931,0,2818329809
2017-11-09,8.96,8.96,8.85,8.91,5210858,17719352025.21,--,1988703931,0,2818329809
2017-11-10,8.91,9.02,8.85,9.01,5669875,17918222418.31,--,1988703931,0,2818329809
2017-11-13,8.97,9.01,8.89,8.91,4818132,17719352025.21,--,1988703931,0,2818329809
2017-11-14,8.95,9.0,8.8,8.93,6999793,17759126103.83,--,1988703931,0,2818329809
2017-11-15,8.9,9.08,8.71,9.07,8546731,18037544654.17,--,1988703931,0,2818329809
2017-11-16,9.01,9.01,8.9,8.97,5125000,17838674261.07,--,1988703931,0,2818329809
2017-11-17,8.95,8.95,8.78,8.84,5877689,17580142750.04,--,1988703931,0,2818329809
2017-11-20,8.78,8.9,8.5,8.9,3956561,17699464985.9,--,1988703931,0,2818329809
2017-11-21,8.88,8.98,8.81,8.85,4680400,17600029789.35,--,1988703931,0,2818329809
2017-11-22,8.91,8.93,8.83,8.88,3793188,17659690907.28,--,1988703931,0,2818329809
2017-11-23,8.88,9.09,8.76,8.84,7089900,17580142750.04,--,1988703931,0,2818329809
2017-11-24,8.79,8.94,8.37,8.57,9862601,17043192688.67,--,1988703931,0,2818329809
2017-11-27,8.43,8.55,8.18,8.28,7338803,16466468548.68,--,1988703931,0,2818329809
2017-11-28,8.23,8.39,8.18,8.34,3877411,16585790784.54,--,1988703931,0,2818329809
2017-11-29,8.3,8.35,8.18,8.35,4093325,16605677823.85,--,1988703931,0,2818329809
2017-11-30,8.37,8.56,8.37,8.48,9089626,16864209334.88,--,1988703931,0,2818329809
2017-12-01,8.48,8.74,8.41,8.59,5689054,17082966767.29,--,1988703931,0,2818329809
2017-12-04,8.59,8.66,8.46,8.53,4328685,16963644531.43,--,1988703931,0,2818329809
2017-12-05,8.53,8.68,8.4,8.54,6643470,16983531570.74,--,1988703931,0,2818329809
2017-12-06,8.54,8.62,8.42,8.5,5657770,16903983413.5,--,1988703931,0,2818329809
2017-12-07,8.43,8.5,8.2,8.3,4630851,16506242627.3,--,1988703931,0,2818329809
2017-12-08,8.3,8.46,8.22,8.45,6667300,16804548216.95,--,1988703931,0,2818329809
2017-12-11,8.76,8.88,8.45,8.6,12698100,17102853806.6,--,1988703931,0,2818329809
2017-12-12,8.6,8.6,8.35,8.38,5499900,16665338941.78,--,1988703931,0,2818329809
2017-12-13,8.38,8.47,8.28,8.3,7121327,16506242627.3,--,1988703931,0,2818329809
2017-12-14,8.33,8.42,8.25,8.31,3899314,16526129666.61,--,1988703931,0,2818329809
2017-12-15,8.25,8.36,8.23,8.34,3331769,16585790784.54,--,1988703931,0,2818329809
2017-12-18,8.38,8.47,8.35,8.42,4195704,16744887099.02,--,1988703931,0,2818329809
2017-12-19,8.39,8.53,8.34,8.51,6547254,16923870452.81,--,1988703931,0,2818329809
2017-12-20,8.48,8.61,8.4,8.52,8573113,16943757492.12,--,1988703931,0,2818329809
2017-12-21,8.45,8.54,8.39,8.47,4279515,16844322295.57,--,1988703931,0,2818329809
2017-12-22,8.47,8.59,8.46,8.51,4608134,16923870452.81,--,1988703931,0,2818329809
2017-12-25,8.51,8.56,8.4,8.52,6291150,16943757492.12,--,1988703931,0,2818329809
2017-12-26,8.52,8.78,8.35,8.75,11081030,17423614416.25,--,1991270219,0,2818329809
2017-12-27,8.7,8.79,8.59,8.72,11019800,17363876309.68,--,1991270219,0,2818329809
2017-12-28,8.54,8.75,8.5,8.66,9102790,17415630916.46,--,2011042831,0,2818329809
2017-12-29,8.74,8.86,8.59,8.75,12229888,17596624771.25,--,2011042831,0,2818329809
2018-01-02,8.75,8.82,8.7,8.77,8289999,17620796527.87,--,2009212831,0,2818329809
2018-01-03,8.77,8.82,8.68,8.75,7000622,17580612271.25,--,2009212831,0,2818329809
2018-01-04,8.72,8.76,8.58,8.68,7626333,17439967373.08,--,2009212831,0,2818329809
2018-01-05,8.68,8.7,8.5,8.55,8327573,17178769705.05,--,2009212831,0,2818329809
2018-01-08,8.54,8.56,8.4,8.47,4981915,17018032678.57,--,2009212831,0,2818329809
2018-01-09,8.47,8.52,8.39,8.49,6879805,17058216935.19,--,2009212831,0,2818329809
2018-01-10,8.49,8.54,8.34,8.49,10972245,17058216935.19,--,2009212831,0,2818329809
2018-01-11,8.41,8.58,8.35,8.56,8537190,17198861833.36,--,2009212831,0,2818329809
2018-01-12,8.58,8.72,8.56,8.67,9200212,17419875244.77,--,2009212831,0,2818329809
2018-01-15,8.71,8.73,8.02,8.45,7889857,16977848421.95,--,2009212831,0,2818329809
2018-01-16,8.39,8.53,8.32,8.48,7720467,17038124806.88,--,2009212831,0,2818329809
2018-01-17,8.49,8.49,8.33,8.43,6241600,16937664165.33,--,2009212831,0,2818329809
2018-01-18,8.38,8.41,8.32,8.37,4241151,16817111395.47,--,2009212831,0,2818329809
2018-01-19,8.37,8.39,8.07,8.24,9448293,16555913727.44,--,2009212831,0,2818329809
2018-01-22,8.2,8.24,8.08,8.21,5304512,16495637342.51,--,2009212831,0,2818329809
2018-01-23,8.21,8.32,8.13,8.32,7988854,16716650753.92,--,2009212831,0,2818329809
2018-01-24,8.32,8.35,8.22,8.32,5852814,16716650753.92,--,2009212831,0,2818329809
2018-01-25,8.32,8.34,8.21,8.26,5703427,16596097984.06,--,2009212831,0,2818329809
2018-01-26,8.25,8.35,8.17,8.31,9189331,16696558625.61,--,2009212831,0,2818329809
2018-01-29,8.29,8.38,8.19,8.27,5930904,16616190112.37,--,2009212831,0,2818329809
2018-01-30,8.25,8.29,8.21,8.26,3794362,16596097984.06,--,2009212831,0,2818329809
2018-01-31,8.24,8.3,8.18,8.28,5850046,16636282240.68,--,2009212831,0,2818329809
2018-02-01,8.27,8.27,8.08,8.18,5286200,16435360957.58,--,2009212831,0,2818329809
2018-02-02,8.18,8.18,7.36,8.01,15696691,16093794776.31,--,2009212831,0,2818329809
2018-02-05,7.75,7.87,7.4,7.84,5947795,15752228595.04,--,2009212831,0,2818329809
2018-02-06,7.61,7.69,7.48,7.61,7236259,15290109643.91,--,2009212831,0,2818329809
2018-02-07,7.6,7.8,7.53,7.63,5953441,15330293900.53,--,2009212831,0,2818329809
2018-02-08,7.64,7.76,7.61,7.66,3770166,15390570285.46,--,2009212831,0,2818329809
2018-02-09,7.63,7.76,7.48,7.56,7928953,15189649002.36,--,2009212831,0,2818329809
2018-02-12,7.56,7.66,7.56,7.63,3709643,15330293900.53,--,2009212831,0,2818329809
2018-02-13,7.72,7.72,7.62,7.7,2244830,15470938798.7,--,2009212831,0,2818329809
2018-02-14,7.69,7.99,7.68,7.96,3892826,15993334134.76,--,2009212831,0,2818329809
2018-02-22,7.96,8.17,7.96,8.02,4252263,16113886904.62,--,2009212831,0,2818329809
2018-02-23,8.02,8.08,7.84,7.87,4284867,15812504979.97,--,2009212831,0,2818329809
2018-02-26,7.9,7.97,7.85,7.91,5901961,15892873493.21,--,2009212831,0,2818329809
2018-02-27,7.88,7.88,7.57,7.78,12181322,15541713094.44,--,1997649498,0,2818329809
2018-02-28,7.6,7.63,7.46,7.56,15116952,19951582573.44,--,2639098224,0,2818329809
2018-03-01,7.54,7.58,7.49,7.52,11334878,19846018644.48,--,2639098224,0,2818329809
2018-03-02,7.52,7.63,7.46,7.61,13275752,20083537484.64,--,2639098224,0,2818329809
2018-03-05,7.6,7.62,7.51,7.55,10038664,19925191591.2,--,2639098224,0,2818329809
2018-03-06,7.56,7.65,7.51,7.57,6791025,19977973555.68,--,2639098224,0,2818329809
2018-03-07,7.56,7.56,7.47,7.5,5237400,19793236680.0,--,2639098224,0,2818329809
2018-03-08,7.49,7.51,7.45,7.47,5981200,19714063733.28,--,2639098224,0,2818329809
2018-03-09,7.47,7.48,7.38,7.45,9290300,19661281768.8,--,2639098224,0,2818329809
2018-03-12,7.46,7.5,7.43,7.5,8817796,19793236680.0,--,2639098224,0,2818329809
2018-03-13,7.5,7.52,7.38,7.4,16065098,19529326857.6,--,2639098224,0,2818329809
2018-03-14,7.4,7.42,7.32,7.38,13715564,19476544893.12,--,2639098224,0,2818329809
2018-03-15,7.38,7.38,7.23,7.27,7859726,19186244088.48,--,2639098224,0,2818329809
2018-03-16,7.24,7.33,7.2,7.29,16140246,19239026052.96,--,2639098224,0,2818329809
2018-03-19,7.28,7.29,7.06,7.11,13328252,18040066758.18,--,2537280838,0,2818329809
2018-03-20,7.08,7.11,7.0,7.05,15091400,17887829907.9,--,2537280838,0,2818329809
2018-03-21,7.05,7.14,7.02,7.07,19655643,18084189824.4,--,2557876920,0,2818329809
2018-03-22,7.08,7.14,6.99,7.05,12016100,18033032286.0,--,2557876920,0,2818329809
2018-03-23,7.0,7.08,6.86,7.05,18620682,18033032286.0,--,2557876920,0,2818329809
2018-03-26,7.04,7.04,6.89,7.02,17717253,17956295978.4,--,2557876920,0,2818329809
2018-03-27,7.01,7.05,6.98,7.01,12617566,17930717209.2,--,2557876920,0,2818329809
2018-03-28,7.01,7.01,6.85,6.87,15676786,17572614440.4,--,2557876920,0,2818329809
2018-03-29,6.86,6.9,6.73,6.84,12089957,17495878132.8,--,2557876920,0,2818329809
2018-03-30,6.84,6.87,6.78,6.84,6966392,17495878132.8,--,2557876920,0,2818329809
2018-04-02,6.83,6.92,6.8,6.85,9738448,17521456902.0,--,2557876920,0,2818329809
2018-04-03,6.83,6.83,6.68,6.69,8936474,17112196594.8,--,2557876920,0,2818329809
2018-04-04,6.69,6.74,6.67,6.71,10185511,17163354133.2,--,2557876920,0,2818329809
2018-04-09,6.71,6.73,6.6,6.64,6382105,16984302748.8,--,2557876920,0,2818329809
2018-04-10,6.64,6.69,6.56,6.58,12482608,16830830133.6,--,2557876920,0,2818329809
2018-04-11,6.59,6.63,6.5,6.53,15559941,16702936287.6,--,2557876920,0,2818329809
2018-04-12,6.52,6.52,6.36,6.37,13032170,16293675980.4,--,2557876920,0,2818329809
2018-04-13,6.35,6.39,6.27,6.3,14425700,16114624596.0,--,2557876920,0,2818329809
2018-04-16,6.29,6.29,6.01,6.01,13396700,15372840289.2,--,2557876920,0,2818329809
2018-04-17,6.01,6.01,6.01,6.01,--,15372840289.2,--,2557876920,0,2818329809
2018-04-18,6.01,6.01,6.01,6.01,--,15372840289.2,--,2557876920,0,2818329809
2018-04-19,6.01,6.01,6.01,6.01,--,15372840289.2,--,2557876920,0,2818329809
2018-04-20,6.01,6.01,6.01,6.01,--,15372840289.2,--,2557876920,0,2818329809
2018-04-23,6.01,6.01,6.01,6.01,--,15372840289.2,--,2557876920,0,2818329809
2018-04-24,6.01,6.01,6.01,6.01,--,15372840289.2,--,2557876920,0,2818329809
2018-04-25,6.01,6.01,6.01,6.01,--,15372840289.2,--,2557876920,0,2818329809
2018-04-26,6.01,6.01,6.01,6.01,--,15372840289.2,--,2557876920,0,2818329809
2018-04-27,6.01,6.01,6.01,6.01,--,15372840289.2,--,2557876920,0,2818329809
2018-05-02,5.8,6.19,5.72,5.78,16494386,14784528597.6,--,2557876920,0,2818329809
2018-05-03,5.8,5.88,5.67,5.71,21703092,14605477213.2,--,2557876920,0,2818329809
2018-05-04,5.71,5.72,5.56,5.62,20381062,14375268290.4,--,2557876920,0,2818329809
2018-05-07,5.63,5.71,5.58,5.68,25253074,14528740905.6,--,2557876920,0,2818329809
2018-05-08,5.71,5.83,5.7,5.78,21818417,14784528597.6,--,2557876920,0,2818329809
2018-05-09,5.81,5.84,5.74,5.74,17215945,14682213520.8,--,2557876920,0,2818329809
2018-05-10,5.77,5.78,5.68,5.74,11727133,14682213520.8,--,2557876920,0,2818329809
2018-05-11,5.75,5.75,5.65,5.66,18302532,14477583367.2,--,2557876920,0,2818329809
2018-05-14,5.66,5.7,5.57,5.6,15919786,14324110752.0,--,2557876920,0,2818329809
2018-05-15,5.6,5.82,5.6,5.78,23736909,14784528597.6,--,2557876920,0,2818329809
2018-05-16,5.78,5.95,5.71,5.91,27030029,15117052597.2,--,2557876920,0,2818329809
2018-05-17,5.9,5.98,5.85,5.93,14305589,15168210135.6,--,2557876920,0,2818329809
2018-05-18,5.99,6.51,5.97,6.31,37834199,16140203365.2,--,2557876920,0,2818329809
2018-05-21,6.35,6.41,6.21,6.28,19360324,16063467057.6,--,2557876920,0,2818329809
2018-05-22,6.29,6.29,6.15,6.17,16303304,15782100596.4,--,2557876920,0,2818329809
2018-05-23,6.11,6.14,5.98,6.07,15792870,15526312904.4,--,2557876920,0,2818329809
2018-05-24,6.04,6.06,5.98,6.02,16605400,15398419058.4,--,2557876920,0,2818329809
2018-05-25,6.04,6.09,5.93,5.96,8658347,15244946443.2,--,2557876920,0,2818329809
2018-05-28,5.95,5.95,5.57,5.67,33211473,14503162136.4,--,2557876920,0,2818329809
2018-05-29,5.63,5.79,5.6,5.74,23345233,14682213520.8,--,2557876920,0,2818329809
2018-05-30,5.67,5.69,5.57,5.64,16736024,14426425828.8,--,2557876920,0,2818329809
2018-05-31,5.65,5.7,5.5,5.58,22945924,14272953213.6,--,2557876920,0,2818329809
2018-06-01,5.55,5.61,5.05,5.61,30075458,14349689521.2,--,2557876920,0,2818329809
2018-06-04,5.58,5.66,5.05,5.57,36361657,14247374444.4,--,2557876920,0,2818329809
2018-06-05,5.26,5.5,5.01,5.01,80766330,12814963369.2,--,2557876920,0,2818329809
2018-06-06,5.01,5.01,5.01,5.01,--,12814963369.2,--,2557876920,0,2818329809
2018-06-07,4.96,4.96,4.96,4.96,--,12687069523.2,--,2557876920,0,2818329809
2018-06-08,4.96,4.96,4.96,4.96,--,12687069523.2,--,2557876920,0,2818329809
